CRASH DATE,TIME,BOROUGH,ZIP CODE,LATITUDE,LONGITUDE,LOCATION,ON STREET NAME,CROSS STREET NAME,OFF STREET NAME,NUMBER OF PERSONS INJURED,NUMBER OF PERSONS KILLED,NUMBER OF PEDESTRIANS INJURED,NUMBER OF PEDESTRIANS KILLED,NUMBER OF CYCLIST INJURED,NUMBER OF CYCLIST KILLED,NUMBER OF MOTORIST INJURED,NUMBER OF MOTORIST KILLED,CONTRIBUTING FACTOR VEHICLE 1,CONTRIBUTING FACTOR VEHICLE 2,CONTRIBUTING FACTOR VEHICLE 3,CONTRIBUTING FACTOR VEHICLE 4,CONTRIBUTING FACTOR VEHICLE 5,COLLISION_ID,VEHICLE TYPE CODE 1,VEHICLE TYPE CODE 2,VEHICLE TYPE CODE 3,VEHICLE TYPE CODE 4,VEHICLE TYPE CODE 5
11/02/2020,20:02,BROOKLYN,11230,40.6094,-73.967674,"(40.6094, -73.967674)",AVENUE P                        ,OCEAN PARKWAY,,1,0,1,0,0,0,0,0,Unspecified,,,,,4363713,Sedan,,,,
11/02/2020,4:51,STATEN ISLAND,10306,40.582195,-74.1103,"(40.582195, -74.1103)",RICHMOND ROAD                   ,MIDLAND AVENUE,,0,0,0,0,0,0,0,0,Fell Asleep,,,,,4363414,Sedan,,,,
11/02/2020,17:18,QUEENS,11365,40.733055,-73.80398,"(40.733055, -73.80398)",165 STREET                      ,69 AVENUE,,0,0,0,0,0,0,0,0,Failure to Yield Right-of-Way,Unspecified,,,,4363692,Sedan,Sedan,,,
11/02/2020,6:40,QUEENS,11421,40.690575,-73.84742,"(40.690575, -73.84742)",,,96-18     91 AVENUE                     ,0,0,0,0,0,0,0,0,Driver Inattention/Distraction,Unspecified,,,,4364258,Sedan,,,,
11/02/2020,6:50,QUEENS,11413,40.676117,-73.74046,"(40.676117, -73.74046)",MERRICK BOULEVARD               ,230 STREET,,1,0,0,0,0,0,1,0,Unspecified,Unspecified,,,,4363447,Sedan,School Bus,,,
11/02/2020,19:20,BROOKLYN,11211,40.709366,-73.95395,"(40.709366, -73.95395)",,,330       SOUTH 3 STREET                ,0,0,0,0,0,0,0,0,Other Vehicular,,,,,4363721,Station Wagon/Sport Utility Vehicle,Sedan,,,
11/02/2020,8:40,BROOKLYN,11217,40.681557,-73.980225,"(40.681557, -73.980225)",,,87        4 AVENUE                      ,0,0,0,0,0,0,0,0,Passing Too Closely,Passing Too Closely,,,,4363768,Sedan,Dump,,,
11/02/2020,11:30,BROOKLYN,11230,40.610382,-73.96538,"(40.610382, -73.96538)",,,1582      EAST 8 STREET                 ,0,0,0,0,0,0,0,0,Unspecified,Unspecified,,,,4363840,PK,Sedan,,,
11/02/2020,18:05,QUEENS,11412,40.69992,-73.76517,"(40.69992, -73.76517)",KEESEVILLE AVENUE               ,HANNIBAL STREET,,0,0,0,0,0,0,0,0,View Obstructed/Limited,Unspecified,,,,4363646,Station Wagon/Sport Utility Vehicle,Sedan,,,
11/02/2020,18:05,QUEENS,11377,40.756985,-73.90737,"(40.756985, -73.90737)",31 AVENUE                       ,54 STREET,,0,0,0,0,0,0,0,0,Passing or Lane Usage Improper,Unspecified,,,,4363748,Station Wagon/Sport Utility Vehicle,Station Wagon/Sport Utility Vehicle,,,
11/02/2020,8:08,BROOKLYN,11207,40.666298,-73.88287,"(40.666298, -73.88287)",,,748       NEW LOTS AVENUE               ,0,0,0,0,0,0,0,0,View Obstructed/Limited,Unspecified,,,,4363425,Sedan,Station Wagon/Sport Utility Vehicle,,,
11/02/2020,5:29,QUEENS,11377,40.748993,-73.89687,"(40.748993, -73.89687)",BROADWAY                        ,69 STREET,,1,0,0,0,0,0,1,0,Other Vehicular,,,,,4363399,Sedan,,,,
11/02/2020,15:23,BROOKLYN,11236,40.648106,-73.91852,"(40.648106, -73.91852)",AVENUE B                        ,EAST 87 STREET,,5,0,1,0,0,0,4,0,Unspecified,Unspecified,,,,4364444,Station Wagon/Sport Utility Vehicle,Station Wagon/Sport Utility Vehicle,,,
11/02/2020,19:50,BROOKLYN,11211,40.71218,-73.93973,"(40.71218, -73.93973)",,,850       GRAND STREET                  ,0,0,0,0,0,0,0,0,View Obstructed/Limited,Pedestrian/Bicyclist/Other Pedestrian Error/Confusion,,,,4363718,Bus,Bike,,,
11/02/2020,13:24,BROOKLYN,11203,40.66254,-73.93514,"(40.66254, -73.93514)",,,841       EAST NEW YORK AVENUE          ,1,0,0,0,0,0,1,0,View Obstructed/Limited,Unspecified,,,,4363814,Sedan,Sedan,,,
11/02/2020,14:25,BROOKLYN,11203,40.650517,-73.92359,"(40.650517, -73.92359)",KINGS HIGHWAY                   ,SNYDER AVENUE,,0,0,0,0,0,0,0,0,Driver Inattention/Distraction,Unspecified,,,,4363792,Sedan,Station Wagon/Sport Utility Vehicle,,,
11/02/2020,18:12,BRONX,10452,40.833916,-73.92702,"(40.833916, -73.92702)",WOODYCREST AVENUE               ,WEST 165 STREET,,1,0,0,0,0,0,1,0,Unsafe Speed,Failure to Yield Right-of-Way,Unspecified,,,4363933,Station Wagon/Sport Utility Vehicle,Station Wagon/Sport Utility Vehicle,Station Wagon/Sport Utility Vehicle,,
11/02/2020,17:50,BROOKLYN,11215,40.662468,-73.99226,"(40.662468, -73.99226)",5 AVENUE                        ,19 STREET,,0,0,0,0,0,0,0,0,Unspecified,Unspecified,,,,4364013,Sedan,Bike,,,
11/02/2020,8:15,MANHATTAN,10036,40.759624,-73.99548,"(40.759624, -73.99548)",WEST 42 STREET                  ,10 AVENUE,,0,0,0,0,0,0,0,0,Passing or Lane Usage Improper,Unspecified,,,,4363680,Tow Truck / Wrecker,Tractor Truck Diesel,,,
11/02/2020,15:40,QUEENS,11436,40.680477,-73.7921,"(40.680477, -73.7921)",SUTPHIN BOULEVARD               ,FOCH BOULEVARD,,0,0,0,0,0,0,0,0,Unspecified,,,,,4363663,Sedan,,,,
11/02/2020,12:30,BROOKLYN,11210,40.629505,-73.94416,"(40.629505, -73.94416)",AVENUE I                        ,FLATBUSH AVENUE,,0,0,0,0,0,0,0,0,Unspecified,Unspecified,,,,4363881,Sedan,Sedan,,,
11/02/2020,12:40,BROOKLYN,11230,40.617405,-73.96346,"(40.617405, -73.96346)",,,1122      CHESTNUT AVENUE               ,1,0,1,0,0,0,0,0,Driver Inattention/Distraction,,,,,4363818,Sedan,,,,
11/02/2020,22:00,BROOKLYN,11236,40.6358,-73.903595,"(40.6358, -73.903595)",AVENUE K                        ,EAST 88 STREET,,0,0,0,0,0,0,0,0,Unspecified,,,,,4364249,Sedan,,,,
11/02/2020,11:11,BROOKLYN,11215,40.67216,-73.98721,"(40.67216, -73.98721)",6 STREET                        ,4 AVENUE,,0,0,0,0,0,0,0,0,Oversized Vehicle,Unspecified,,,,4363769,Sedan,Box Truck,,,
11/02/2020,6:00,QUEENS,11434,40.667522,-73.78063,"(40.667522, -73.78063)",NORTH CONDUIT AVENUE            ,ROCKAWAY BOULEVARD,,1,0,1,0,0,0,0,0,Unspecified,,,,,4363667,Sedan,,,,
11/02/2020,7:42,BROOKLYN,11233,40.6805,-73.915634,"(40.6805, -73.915634)",,,239A      SUMPTER STREET                ,0,0,0,0,0,0,0,0,Backing Unsafely,Unspecified,,,,4364081,Sedan,,,,
11/02/2020,14:25,MANHATTAN,10128,40.77855,-73.951256,"(40.77855, -73.951256)",2 AVENUE                        ,EAST 87 STREET,,0,0,0,0,0,0,0,0,Passing or Lane Usage Improper,Unspecified,,,,4364093,Sedan,,,,
11/02/2020,10:32,BROOKLYN,11221,40.696075,-73.92028,"(40.696075, -73.92028)",,,138       BLEECKER STREET               ,0,0,0,0,0,0,0,0,Unspecified,,,,,4363610,Station Wagon/Sport Utility Vehicle,,,,
11/02/2020,7:15,BROOKLYN,11224,40.57353,-73.98746,"(40.57353, -73.98746)",,,3050      WEST 21 STREET                ,0,0,0,0,0,0,0,0,Passing Too Closely,Unspecified,,,,4364049,Station Wagon/Sport Utility Vehicle,,,,
11/02/2020,8:48,BRONX,10467,40.877842,-73.871796,"(40.877842, -73.871796)",WEBSTER AVENUE                  ,PARKSIDE PLACE,,0,0,0,0,0,0,0,0,Driver Inattention/Distraction,Unspecified,,,,4363489,Station Wagon/Sport Utility Vehicle,Sedan,,,
11/02/2020,15:52,BRONX,10468,40.860577,-73.90255,"(40.860577, -73.90255)",JEROME AVENUE                   ,WEST 184 STREET,,1,0,0,0,0,0,1,0,Traffic Control Disregarded,Unspecified,,,,4363944,Sedan,Station Wagon/Sport Utility Vehicle,,,
11/02/2020,16:14,BROOKLYN,11203,40.643486,-73.94474,"(40.643486, -73.94474)",,,3404      CLARENDON ROAD                ,1,0,0,0,1,0,0,0,Driver Inattention/Distraction,Unspecified,,,,4363929,Sedan,E-Bike,,,
11/02/2020,6:42,BRONX,10469,40.861267,-73.838066,"(40.861267, -73.838066)",,,2415      TIEMANN AVENUE                ,0,0,0,0,0,0,0,0,Unspecified,,,,,4363730,Sedan,,,,
11/02/2020,18:35,QUEENS,11373,40.74094,-73.86757,"(40.74094, -73.86757)",51 AVENUE                       ,JUNCTION BOULEVARD,,1,0,0,0,1,0,0,0,Unspecified,Unspecified,,,,4363742,Station Wagon/Sport Utility Vehicle,Bike,,,
11/02/2020,13:00,BRONX,10454,40.804256,-73.9193,"(40.804256, -73.9193)",EAST 134 STREET                 ,SAINT ANNS AVENUE,,0,0,0,0,0,0,0,0,Other Vehicular,Unspecified,,,,4363700,Sedan,Van,,,
11/02/2020,18:34,BROOKLYN,11224,40.57362,-73.99613,"(40.57362, -73.99613)",,,2930      WEST 30 STREET                ,0,0,0,0,0,0,0,0,Passing Too Closely,Unspecified,,,,4364050,Sedan,Station Wagon/Sport Utility Vehicle,,,
11/02/2020,0:45,BRONX,10472,40.83297,-73.87339,"(40.83297, -73.87339)",,,1338      METCALF AVENUE                ,0,0,0,0,0,0,0,0,Backing Unsafely,Unspecified,,,,4363446,Sedan,Sedan,,,
11/02/2020,11:23,BRONX,10467,40.882153,-73.878136,"(40.882153, -73.878136)",EAST 211 STREET                 ,BAINBRIDGE AVENUE,,0,0,0,0,0,0,0,0,Driver Inattention/Distraction,Unspecified,,,,4363596,Station Wagon/Sport Utility Vehicle,Sedan,,,
11/02/2020,13:45,QUEENS,11432,40.705147,-73.7957,"(40.705147, -73.7957)",164 STREET                      ,JAMAICA AVENUE,,0,0,0,0,0,0,0,0,Unspecified,Unspecified,,,,4363562,Station Wagon/Sport Utility Vehicle,Station Wagon/Sport Utility Vehicle,,,
11/02/2020,12:50,QUEENS,11377,40.74731,-73.896515,"(40.74731, -73.896515)",,,37-57     69 STREET                     ,0,0,0,0,0,0,0,0,Driver Inattention/Distraction,Unspecified,,,,4363873,Sedan,Sedan,,,
11/02/2020,0:00,QUEENS,11435,40.687508,-73.80666,"(40.687508, -73.80666)",139 STREET                      ,109 AVENUE,,0,0,0,0,0,0,0,0,Unspecified,,,,,4363886,Sedan,,,,
11/02/2020,8:43,BROOKLYN,11207,40.67816,-73.897484,"(40.67816, -73.897484)",JAMAICA AVENUE                  ,PENNSYLVANIA AVENUE,,0,0,0,0,0,0,0,0,Unspecified,,,,,4363508,Sedan,,,,
11/02/2020,11:30,QUEENS,11375,40.73228,-73.85183,"(40.73228, -73.85183)",YELLOWSTONE BOULEVARD           ,64 AVENUE,,0,0,0,0,0,0,0,0,Failure to Yield Right-of-Way,Unspecified,,,,4363539,Station Wagon/Sport Utility Vehicle,Station Wagon/Sport Utility Vehicle,,,
11/02/2020,18:00,QUEENS,11429,40.706665,-73.739296,"(40.706665, -73.739296)",111 AVENUE                      ,SPRINGFIELD BOULEVARD,,5,0,0,0,0,0,5,0,Unspecified,Unspecified,,,,4363674,Station Wagon/Sport Utility Vehicle,Sedan,,,
11/02/2020,14:55,BRONX,10467,40.876312,-73.87965,"(40.876312, -73.87965)",,,3230      BAINBRIDGE AVENUE             ,0,0,0,0,0,0,0,0,Driver Inattention/Distraction,Unspecified,,,,4363597,Sedan,Station Wagon/Sport Utility Vehicle,,,
11/02/2020,13:27,BROOKLYN,11201,40.69484,-73.98391,"(40.69484, -73.98391)",FLATBUSH AVENUE EXTENSION       ,JOHNSON STREET,,0,0,0,0,0,0,0,0,Driver Inattention/Distraction,Unspecified,,,,4363541,Sedan,,,,
11/02/2020,18:20,BROOKLYN,11226,40.650673,-73.952156,"(40.650673, -73.952156)",,,2720      CHURCH AVENUE                 ,1,0,0,0,0,0,1,0,Driver Inattention/Distraction,Driver Inattention/Distraction,,,,4364144,Station Wagon/Sport Utility Vehicle,Station Wagon/Sport Utility Vehicle,,,
11/02/2020,13:09,QUEENS,11385,40.700123,-73.90622,"(40.700123, -73.90622)",MYRTLE AVENUE                   ,CYPRESS AVENUE,,0,0,0,0,0,0,0,0,Unspecified,Unspecified,,,,4364478,Box Truck,Station Wagon/Sport Utility Vehicle,,,
11/02/2020,1:31,MANHATTAN,10029,40.79344,-73.94706,"(40.79344, -73.94706)",,,104       EAST 107 STREET               ,0,0,0,0,0,0,0,0,Unspecified,Unspecified,,,,4363862,Sedan,,,,
11/02/2020,19:15,BROOKLYN,11228,40.61972,-73.99882,"(40.61972, -73.99882)",70 STREET                       ,NEW UTRECHT AVENUE,,1,0,1,0,0,0,0,0,Traffic Control Disregarded,,,,,4363627,,,,,
11/02/2020,20:05,BROOKLYN,11208,40.682037,-73.87788,"(40.682037, -73.87788)",LOGAN STREET                    ,FULTON STREET,,0,0,0,0,0,0,0,0,Driver Inattention/Distraction,Unspecified,,,,4363761,Sedan,Sedan,,,
11/02/2020,4:35,BROOKLYN,11221,40.691353,-73.92142,"(40.691353, -73.92142)",BUSHWICK AVENUE                 ,LINDEN STREET,,0,0,0,0,0,0,0,0,Passing or Lane Usage Improper,Unspecified,,,,4363655,Station Wagon/Sport Utility Vehicle,Sedan,,,
11/02/2020,7:15,BRONX,10451,40.822056,-73.920395,"(40.822056, -73.920395)",PARK AVENUE                     ,MORRIS AVENUE,,0,0,0,0,0,0,0,0,Other Vehicular,Other Vehicular,,,,4363493,Station Wagon/Sport Utility Vehicle,Station Wagon/Sport Utility Vehicle,,,
11/02/2020,10:23,BRONX,10458,40.87294,-73.88534,"(40.87294, -73.88534)",EAST 202 STREET                 ,VALENTINE AVENUE,,1,0,1,0,0,0,0,0,Backing Unsafely,,,,,4363839,Station Wagon/Sport Utility Vehicle,,,,
11/02/2020,9:15,BRONX,10472,40.824318,-73.87722,"(40.824318, -73.87722)",,,1002      BOYNTON AVENUE                ,0,0,0,0,0,0,0,0,Unspecified,,,,,4364287,Station Wagon/Sport Utility Vehicle,,,,
11/02/2020,2:15,BROOKLYN,11207,40.663094,-73.8854,"(40.663094, -73.8854)",,,710       SCHENCK AVENUE                ,0,0,0,0,0,0,0,0,Unspecified,,,,,4363500,Station Wagon/Sport Utility Vehicle,,,,
11/02/2020,22:58,BRONX,10466,40.887188,-73.85596,"(40.887188, -73.85596)",,,840       EAST 226 STREET               ,0,0,0,0,0,0,0,0,Driver Inattention/Distraction,Unspecified,Unspecified,,,4363879,Station Wagon/Sport Utility Vehicle,Station Wagon/Sport Utility Vehicle,Station Wagon/Sport Utility Vehicle,,
11/02/2020,9:08,BROOKLYN,11201,40.686726,-73.99047,"(40.686726, -73.99047)",BERGEN STREET                   ,SMITH STREET,,1,0,0,0,0,0,1,0,Following Too Closely,Unspecified,,,,4364229,Sedan,Sedan,,,
11/02/2020,14:07,BRONX,10467,40.879032,-73.87425,"(40.879032, -73.87425)",,,301       EAST GUN HILL ROAD            ,0,0,0,0,0,0,0,0,Unspecified,,,,,4363595,Sedan,,,,
11/02/2020,19:00,BROOKLYN,11226,40.649967,-73.958626,"(40.649967, -73.958626)",,,892       FLATBUSH AVENUE               ,0,0,0,0,0,0,0,0,Passing or Lane Usage Improper,Unspecified,,,,4363816,Station Wagon/Sport Utility Vehicle,Station Wagon/Sport Utility Vehicle,,,
11/02/2020,18:10,QUEENS,11369,40.76297,-73.87515,"(40.76297, -73.87515)",,,94-04     ASTORIA BOULEVARD             ,1,0,0,0,0,0,1,0,Driver Inattention/Distraction,Unspecified,,,,4364102,Bus,Sedan,,,
11/02/2020,16:33,QUEENS,11434,40.66786,-73.76656,"(40.66786, -73.76656)",FARMERS BOULEVARD               ,144 ROAD,,1,0,0,0,0,0,1,0,Unspecified,Unspecified,,,,4363671,Station Wagon/Sport Utility Vehicle,Sedan,,,
11/02/2020,8:05,BROOKLYN,11208,40.68578,-73.88132,"(40.68578, -73.88132)",HALE AVENUE                     ,JAMAICA AVENUE,,1,0,0,0,1,0,0,0,View Obstructed/Limited,Unspecified,,,,4363502,Station Wagon/Sport Utility Vehicle,Bike,,,
11/02/2020,10:50,QUEENS,11412,40.69483,-73.750854,"(40.69483, -73.750854)",LINDEN BOULEVARD                ,201 PLACE,,1,0,0,0,0,0,1,0,Turning Improperly,Unspecified,,,,4363653,Sedan,Station Wagon/Sport Utility Vehicle,,,
11/02/2020,7:30,QUEENS,11426,40.735905,-73.72058,"(40.735905, -73.72058)",,,83-34     247 STREET                    ,0,0,0,0,0,0,0,0,Unspecified,,,,,4363448,Sedan,,,,
11/02/2020,15:22,BROOKLYN,11236,40.643517,-73.8965,"(40.643517, -73.8965)",EAST 100 STREET                 ,AVENUE J,,0,0,0,0,0,0,0,0,Failure to Yield Right-of-Way,Unspecified,,,,4363689,Sedan,Sedan,,,
11/02/2020,6:11,MANHATTAN,10007,40.71258,-74.00979,"(40.71258, -74.00979)",,,90        CHURCH STREET                 ,2,0,0,0,0,0,2,0,Backing Unsafely,Unspecified,Unspecified,,,4363821,Station Wagon/Sport Utility Vehicle,Station Wagon/Sport Utility Vehicle,Station Wagon/Sport Utility Vehicle,,
11/02/2020,9:33,QUEENS,11354,40.768192,-73.82023,"(40.768192, -73.82023)",,,33-38     147 STREET                    ,0,0,0,0,0,0,0,0,Unspecified,,,,,4363531,Station Wagon/Sport Utility Vehicle,,,,
11/02/2020,7:30,BRONX,10454,40.806164,-73.909134,"(40.806164, -73.909134)",EAST 141 STREET                 ,BRUCKNER BOULEVARD,,1,0,0,0,0,0,1,0,Unspecified,,,,,4363496,Station Wagon/Sport Utility Vehicle,Sedan,,,
11/02/2020,18:30,BRONX,10462,40.846226,-73.865486,"(40.846226, -73.865486)",,,1830      HUNT AVENUE                   ,0,0,0,0,0,0,0,0,Other Vehicular,,,,,4364402,Station Wagon/Sport Utility Vehicle,,,,
11/02/2020,9:00,BROOKLYN,11225,40.66235,-73.95082,"(40.66235, -73.95082)",NOSTRAND AVENUE                 ,LEFFERTS AVENUE,,0,0,0,0,0,0,0,0,Driver Inattention/Distraction,Unspecified,,,,4364016,Sedan,Bus,,,
11/02/2020,23:19,BROOKLYN,11219,40.641727,-73.99265,"(40.641727, -73.99265)",FORT HAMILTON PARKWAY           ,42 STREET,,1,0,0,0,1,0,0,0,Turning Improperly,Unspecified,,,,4363842,Station Wagon/Sport Utility Vehicle,Bike,,,
11/02/2020,17:50,BRONX,10470,40.899494,-73.86877,"(40.899494, -73.86877)",,,270       EAST 238 STREET               ,0,0,0,0,0,0,0,0,Driver Inattention/Distraction,Unspecified,,,,4363801,Bus,Sedan,,,
11/02/2020,0:00,QUEENS,11421,40.691196,-73.85579,"(40.691196, -73.85579)",88 STREET                       ,88 AVENUE,,1,0,0,0,0,0,1,0,Driver Inattention/Distraction,Driver Inattention/Distraction,,,,4364257,Station Wagon/Sport Utility Vehicle,Sedan,,,
11/02/2020,0:51,QUEENS,11433,40.696323,-73.79109,"(40.696323, -73.79109)",,,108-04    BREWER BOULEVARD              ,0,0,0,0,0,0,0,0,Other Vehicular,,,,,4363285,Sedan,,,,
11/02/2020,11:25,QUEENS,11422,40.662655,-73.733,"(40.662655, -73.733)",FRANCIS LEWIS BOULEVARD         ,249 STREET,,1,0,1,0,0,0,0,0,,,,,,4363527,Sedan,,,,
11/02/2020,17:00,MANHATTAN,10005,40.70589,-74.00719,"(40.70589, -74.00719)",,,80        PINE STREET                   ,0,0,0,0,0,0,0,0,Unspecified,,,,,4363991,Motorcycle,,,,
11/02/2020,8:30,BROOKLYN,11249,40.721977,-73.959946,"(40.721977, -73.959946)",NORTH 10 STREET                 ,KENT AVENUE,,0,0,0,0,0,0,0,0,Passing Too Closely,Unspecified,,,,4363480,Flat Bed,Van,,,
11/02/2020,13:55,BROOKLYN,11217,40.680733,-73.97451,"(40.680733, -73.97451)",6 AVENUE                        ,BERGEN STREET,,0,0,0,0,0,0,0,0,Oversized Vehicle,Unspecified,,,,4363770,Station Wagon/Sport Utility Vehicle,,,,
11/02/2020,13:15,MANHATTAN,10031,40.829082,-73.941086,"(40.829082, -73.941086)",SAINT NICHOLAS PLACE            ,WEST 153 STREET,,0,0,0,0,0,0,0,0,Backing Unsafely,Unspecified,,,,4364190,Sedan,,,,
11/02/2020,19:30,QUEENS,11373,40.733536,-73.87035,"(40.733536, -73.87035)",QUEENS BOULEVARD                ,WOODHAVEN BOULEVARD,,1,0,0,0,0,0,1,0,Failure to Yield Right-of-Way,Unspecified,,,,4363743,Station Wagon/Sport Utility Vehicle,Sedan,,,
11/02/2020,20:00,BROOKLYN,11215,40.669132,-73.97974,"(40.669132, -73.97974)",,,258       7 AVENUE                      ,0,0,0,0,0,0,0,0,Unspecified,,,,,4363771,Station Wagon/Sport Utility Vehicle,,,,
11/02/2020,12:00,MANHATTAN,10035,40.798344,-73.938835,"(40.798344, -73.938835)",,,223       EAST 117 STREET               ,0,0,0,0,0,0,0,0,Passing Too Closely,Unspecified,,,,4364278,Station Wagon/Sport Utility Vehicle,,,,
11/02/2020,13:05,MANHATTAN,10016,40.74931,-73.97879,"(40.74931, -73.97879)",,,111       EAST 38 STREET                ,1,0,0,0,1,0,0,0,Obstruction/Debris,,,,,4363538,Bike,,,,
11/02/2020,21:16,MANHATTAN,10019,40.76033,-73.98468,"(40.76033, -73.98468)",,,1600      BROADWAY                      ,0,0,0,0,0,0,0,0,Following Too Closely,Unspecified,,,,4364064,Station Wagon/Sport Utility Vehicle,Bike,,,
11/02/2020,19:00,BRONX,10471,40.91076,-73.903046,"(40.91076, -73.903046)",,,6124      RIVERDALE AVENUE              ,0,0,0,0,0,0,0,0,Unspecified,Unspecified,,,,4363634,Station Wagon/Sport Utility Vehicle,,,,
11/02/2020,12:30,MANHATTAN,10009,40.729725,-73.980865,"(40.729725, -73.980865)",AVENUE A                        ,EAST 13 STREET,,1,0,0,0,1,0,0,0,Driver Inattention/Distraction,Following Too Closely,,,,4364476,Box Truck,E-Bike,,,
11/02/2020,12:50,BRONX,10454,40.808407,-73.908844,"(40.808407, -73.908844)",SAINT MARYS STREET              ,WALES AVENUE,,0,0,0,0,0,0,0,0,Unspecified,,,,,4363696,Sedan,,,,
11/02/2020,11:00,BROOKLYN,11228,40.62356,-74.011215,"(40.62356, -74.011215)",74 STREET                       ,11 AVENUE,,0,0,0,0,0,0,0,0,Unspecified,Unspecified,,,,4364435,Sedan,,,,
11/02/2020,18:03,BRONX,10457,40.84495,-73.90106,"(40.84495, -73.90106)",,,4095      PARK AVENUE                   ,0,0,0,0,0,0,0,0,Driver Inattention/Distraction,Unspecified,,,,4364178,pick up,,,,
11/02/2020,14:00,BROOKLYN,11231,40.67733,-74.01293,"(40.67733, -74.01293)",VAN BRUNT STREET                ,WOLCOTT STREET,,0,0,0,0,0,0,0,0,Passing or Lane Usage Improper,Unspecified,,,,4364447,Station Wagon/Sport Utility Vehicle,,,,
11/02/2020,14:55,BROOKLYN,11219,40.637737,-74.00264,"(40.637737, -74.00264)",,,913       53 STREET                     ,0,0,0,0,0,0,0,0,Unspecified,Unspecified,,,,4363731,Sedan,,,,
11/02/2020,16:05,QUEENS,11412,40.70803,-73.75252,"(40.70803, -73.75252)",,,109-30    205 PLACE                     ,0,0,0,0,0,0,0,0,Backing Unsafely,Unspecified,,,,4363885,Station Wagon/Sport Utility Vehicle,Box Truck,,,
11/02/2020,11:34,BROOKLYN,11226,40.646793,-73.95813,"(40.646793, -73.95813)",,,1008      FLATBUSH AVENUE               ,0,0,0,0,0,0,0,0,Unsafe Lane Changing,Unspecified,,,,4363803,Sedan,Van,,,
11/02/2020,1:01,BRONX,10457,40.84764,-73.901,"(40.84764, -73.901)",WEBSTER AVENUE                  ,EAST TREMONT AVENUE,,0,0,0,0,0,0,0,0,Driver Inattention/Distraction,Driver Inattention/Distraction,,,,4363366,Sedan,E-Scooter,,,
11/02/2020,17:01,BRONX,10454,40.80719,-73.92431,"(40.80719, -73.92431)",WILLIS AVENUE                   ,EAST 135 STREET,,0,0,0,0,0,0,0,0,Unspecified,Unspecified,,,,4363703,Sedan,Station Wagon/Sport Utility Vehicle,,,
11/02/2020,10:00,BRONX,10455,40.812263,-73.906494,"(40.812263, -73.906494)",,,531       TINTON AVENUE                 ,0,0,0,0,0,0,0,0,Obstruction/Debris,Unspecified,Unspecified,,,4363497,Box Truck,Pick-up Truck,Station Wagon/Sport Utility Vehicle,,
11/02/2020,14:11,QUEENS,11419,40.69252,-73.81693,"(40.69252, -73.81693)",,,130-08    101 AVENUE                    ,1,0,0,0,0,0,1,0,Backing Unsafely,Unspecified,,,,4363582,FORK LIFT,Sedan,,,
11/02/2020,20:30,QUEENS,11422,40.666397,-73.73857,"(40.666397, -73.73857)",NORTH CONDUIT AVENUE            ,BROOKVILLE BOULEVARD,,2,0,0,0,0,0,2,0,Driver Inattention/Distraction,Unspecified,,,,4363901,Station Wagon/Sport Utility Vehicle,Station Wagon/Sport Utility Vehicle,,,
11/02/2020,6:20,BRONX,10469,40.877544,-73.84664,"(40.877544, -73.84664)",,,3440      EASTCHESTER ROAD              ,0,0,0,0,0,0,0,0,Unspecified,Unspecified,,,,4363790,Station Wagon/Sport Utility Vehicle,,,,
11/02/2020,15:41,BROOKLYN,11234,40.631927,-73.92826,"(40.631927, -73.92826)",,,1653      UTICA AVENUE                  ,0,0,0,0,0,0,0,0,Driver Inattention/Distraction,Turning Improperly,,,,4363892,Sedan,Sedan,,,
11/02/2020,14:30,BROOKLYN,11201,40.698246,-73.98055,"(40.698246, -73.98055)",NAVY STREET                     ,NASSAU STREET,,1,0,1,0,0,0,0,0,Traffic Control Disregarded,,,,,4363679,Sedan,,,,
11/02/2020,7:10,BRONX,10455,40.813175,-73.89845,"(40.813175, -73.89845)",BRUCKNER BOULEVARD              ,LEGGETT AVENUE,,0,0,0,0,0,0,0,0,Traffic Control Disregarded,Unspecified,,,,4363894,Box Truck,Sedan,,,
11/02/2020,9:10,BROOKLYN,11217,40.682415,-73.97065,"(40.682415, -73.97065)",ATLANTIC AVENUE                 ,CARLTON AVENUE,,0,0,0,0,0,0,0,0,Passing or Lane Usage Improper,Unspecified,,,,4363766,Sedan,Box Truck,,,
11/02/2020,0:20,BROOKLYN,11218,40.646202,-73.977936,"(40.646202, -73.977936)",,,239       EAST 3 STREET                 ,0,0,0,0,0,0,0,0,Driver Inattention/Distraction,Unspecified,,,,4363726,Station Wagon/Sport Utility Vehicle,Taxi,,,
11/02/2020,10:20,BROOKLYN,11226,40.653976,-73.952835,"(40.653976, -73.952835)",LENOX ROAD                      ,ROGERS AVENUE,,1,0,0,0,0,0,1,0,Unspecified,Unspecified,,,,4363476,Sedan,,,,
11/02/2020,14:45,BROOKLYN,11230,40.618214,-73.95815,"(40.618214, -73.95815)",AVENUE M                        ,EAST 17 STREET,,1,0,1,0,0,0,0,0,,,,,,4363817,,,,,
11/02/2020,2:37,BROOKLYN,11204,40.63333,-73.97914,"(40.63333, -73.97914)",,,4216      17 AVENUE                     ,0,0,0,0,0,0,0,0,Drugs (illegal),Unspecified,Unspecified,,,4363736,Sedan,Sedan,Sedan,,
11/02/2020,9:10,MANHATTAN,10017,40.753727,-73.97165,"(40.753727, -73.97165)",,,210       EAST 47 STREET                ,1,0,1,0,0,0,0,0,Unspecified,,,,,4363537,Sedan,,,,
11/02/2020,12:00,MANHATTAN,10012,40.723995,-73.99363,"(40.723995, -73.99363)",,,268       ELIZABETH STREET              ,0,0,0,0,0,0,0,0,Driver Inattention/Distraction,Unspecified,,,,4364158,Station Wagon/Sport Utility Vehicle,Sedan,,,
11/02/2020,18:30,BROOKLYN,11211,40.7163,-73.940674,"(40.7163, -73.940674)",,,258       SKILLMAN AVENUE               ,0,0,0,0,0,0,0,0,Unspecified,Unspecified,,,,4363756,Station Wagon/Sport Utility Vehicle,,,,
11/02/2020,13:45,QUEENS,11105,40.78043,-73.9073,"(40.78043, -73.9073)",29 STREET                       ,20 AVENUE,,0,0,0,0,0,0,0,0,Unspecified,,,,,4364069,Station Wagon/Sport Utility Vehicle,,,,
11/02/2020,11:26,BRONX,10460,40.839237,-73.86669,"(40.839237, -73.86669)",TAYLOR AVENUE                   ,GUERLAIN STREET,,0,0,0,0,0,0,0,0,Unspecified,Unspecified,,,,4363864,Dump,Sedan,,,
11/02/2020,20:47,BRONX,10463,40.870884,-73.90384,"(40.870884, -73.90384)",,,2710      KINGSBRIDGE TERRACE           ,0,0,0,0,0,0,0,0,Unspecified,,,,,4364336,Sedan,Station Wagon/Sport Utility Vehicle,,,
11/02/2020,20:15,QUEENS,11361,40.759933,-73.77093,"(40.759933, -73.77093)",,,212-19    NORTHERN BOULEVARD            ,1,0,1,0,0,0,0,0,Driver Inattention/Distraction,,,,,4363922,Station Wagon/Sport Utility Vehicle,,,,
11/02/2020,7:33,BROOKLYN,11222,40.728237,-73.94306,"(40.728237, -73.94306)",,,251       MONITOR STREET                ,0,0,0,0,0,0,0,0,Unsafe Speed,,,,,4363845,Station Wagon/Sport Utility Vehicle,Flat Rack,,,
11/02/2020,20:00,MANHATTAN,10010,40.73541,-73.97515,"(40.73541, -73.97515)",AVENUE C                        ,EAST 23 STREET,,0,0,0,0,0,0,0,0,Following Too Closely,Unspecified,,,,4363664,Station Wagon/Sport Utility Vehicle,Station Wagon/Sport Utility Vehicle,,,
11/02/2020,17:55,MANHATTAN,10036,40.7608,-73.9909,"(40.7608, -73.9909)",,,656       9 AVENUE                      ,1,0,1,0,0,0,0,0,Unspecified,,,,,4364063,Station Wagon/Sport Utility Vehicle,,,,
11/02/2020,7:30,BROOKLYN,11238,40.67536,-73.962364,"(40.67536, -73.962364)",,,457       PARK PLACE                    ,0,0,0,0,0,0,0,0,Driver Inattention/Distraction,Unspecified,,,,4364602,Sedan,,,,
11/02/2020,15:30,BROOKLYN,11210,40.622204,-73.94405,"(40.622204, -73.94405)",AVENUE L                        ,EAST 32 STREET,,0,0,0,0,0,0,0,0,Driver Inattention/Distraction,Unspecified,,,,4363891,Sedan,,,,
11/02/2020,23:35,BROOKLYN,11219,40.625984,-74.001526,"(40.625984, -74.001526)",65 STREET                       ,13 AVENUE,,0,0,0,0,0,0,0,0,Unspecified,Unspecified,,,,4363883,Station Wagon/Sport Utility Vehicle,Station Wagon/Sport Utility Vehicle,,,
11/02/2020,9:30,BRONX,10455,40.820824,-73.91562,"(40.820824, -73.91562)",EAST 156 STREET                 ,MELROSE AVENUE,,0,0,0,0,0,0,0,0,Other Vehicular,Other Vehicular,,,,4363697,Sedan,Taxi,,,
11/02/2020,12:20,QUEENS,11434,40.65616,-73.76736,"(40.65616, -73.76736)",ROCKAWAY BOULEVARD              ,BREWER BOULEVARD,,0,0,0,0,0,0,0,0,Unspecified,,,,,4363528,Station Wagon/Sport Utility Vehicle,,,,
11/02/2020,19:40,BRONX,10474,40.80801,-73.88961,"(40.80801, -73.88961)",EAST BAY AVENUE                 ,TIFFANY STREET,,2,0,0,0,0,0,2,0,Unspecified,Unspecified,,,,4363893,Tanker,Station Wagon/Sport Utility Vehicle,,,
11/02/2020,19:20,QUEENS,11385,40.70049,-73.90134,"(40.70049, -73.90134)",ONDERDONK AVENUE                ,MYRTLE AVENUE,,1,0,0,0,0,0,1,0,Following Too Closely,Following Too Closely,Unspecified,,,4363945,Station Wagon/Sport Utility Vehicle,,,,
11/02/2020,11:18,QUEENS,11104,40.74359,-73.92242,"(40.74359, -73.92242)",42 STREET                       ,QUEENS BOULEVARD,,0,0,0,0,0,0,0,0,Driver Inexperience,Unspecified,,,,4363874,Sedan,Sedan,,,
11/02/2020,14:47,BROOKLYN,11234,40.625225,-73.917854,"(40.625225, -73.917854)",,,2152      RALPH AVENUE                  ,1,0,1,0,0,0,0,0,Driver Inattention/Distraction,,,,,4363897,Sedan,,,,
11/02/2020,21:05,STATEN ISLAND,10301,40.637474,-74.08432,"(40.637474, -74.08432)",,,162       CORSON AVENUE                 ,0,0,0,0,0,0,0,0,Unspecified,Unspecified,,,,4363793,Motorcycle,Sedan,,,
11/02/2020,17:48,QUEENS,11361,40.772102,-73.77448,"(40.772102, -73.77448)",BELL BOULEVARD                  ,33 AVENUE,,0,0,0,0,0,0,0,0,Failure to Yield Right-of-Way,Unspecified,,,,4363633,Sedan,Station Wagon/Sport Utility Vehicle,,,
11/02/2020,15:20,BROOKLYN,11236,40.635563,-73.89577,"(40.635563, -73.89577)",EAST 94 STREET                  ,AVENUE M,,0,0,0,0,0,0,0,0,Unspecified,Unspecified,,,,4363645,Sedan,Station Wagon/Sport Utility Vehicle,,,
11/02/2020,14:00,MANHATTAN,10023,40.771393,-73.98216,"(40.771393, -73.98216)",WEST 63 STREET                  ,BROADWAY,,0,0,0,0,0,0,0,0,Passing or Lane Usage Improper,Driver Inattention/Distraction,,,,4363675,Taxi,Station Wagon/Sport Utility Vehicle,,,
11/02/2020,22:13,BROOKLYN,11230,40.625175,-73.9614,"(40.625175, -73.9614)",AVENUE J                        ,EAST 15 STREET,,1,0,0,0,0,0,1,0,Unspecified,Unspecified,,,,4363805,Ambulance,Sedan,,,
11/02/2020,7:00,QUEENS,11101,40.757492,-73.93911,"(40.757492, -73.93911)",21 STREET                       ,38 AVENUE,,0,0,0,0,0,0,0,0,View Obstructed/Limited,Driver Inattention/Distraction,,,,4363422,DELV,Motorcycle,,,
11/02/2020,9:27,BROOKLYN,11213,40.663555,-73.93162,"(40.663555, -73.93162)",EMPIRE BOULEVARD                ,UTICA AVENUE,,0,0,0,0,0,0,0,0,Driver Inattention/Distraction,Unspecified,,,,4364014,Dump,Station Wagon/Sport Utility Vehicle,,,
11/02/2020,17:33,MANHATTAN,10026,40.80629,-73.95773,"(40.80629, -73.95773)",MORNINGSIDE AVENUE              ,WEST 117 STREET,,0,0,0,0,0,0,0,0,View Obstructed/Limited,Unspecified,,,,4363695,Station Wagon/Sport Utility Vehicle,Sedan,,,
11/02/2020,9:00,STATEN ISLAND,10304,40.617294,-74.08048,"(40.617294, -74.08048)",OSGOOD AVENUE                   ,PARK HILL AVENUE,,0,0,0,0,0,0,0,0,Unspecified,Unspecified,,,,4363796,Sedan,Station Wagon/Sport Utility Vehicle,,,
11/02/2020,14:15,BRONX,10457,40.852108,-73.897545,"(40.852108, -73.897545)",,,420       EAST 180 STREET               ,0,0,0,0,0,0,0,0,Failure to Yield Right-of-Way,Unspecified,,,,4364156,Sedan,Sedan,,,
11/02/2020,11:00,BROOKLYN,11215,40.656685,-73.97819,"(40.656685, -73.97819)",,,589       PROSPECT AVENUE               ,0,0,0,0,0,0,0,0,Unspecified,,,,,4363683,Tractor Truck Diesel,,,,
11/02/2020,1:00,QUEENS,11385,40.702705,-73.87152,"(40.702705, -73.87152)",,,78-01     MYRTLE AVENUE                 ,0,0,0,0,0,0,0,0,Unspecified,,,,,4363948,Sedan,,,,
11/02/2020,12:40,BROOKLYN,11249,40.712055,-73.96615,"(40.712055, -73.96615)",SOUTH 5 STREET                  ,WYTHE AVENUE,,3,0,0,0,0,0,3,0,Unsafe Speed,Driver Inattention/Distraction,,,,4363710,Sedan,Sedan,,,
11/02/2020,18:00,BRONX,10458,40.85476,-73.888245,"(40.85476, -73.888245)",ARTHUR AVENUE                   ,EAST 186 STREET,,0,0,0,0,0,0,0,0,Driver Inattention/Distraction,Unspecified,,,,4363784,Pick-up Truck,Pick-up Truck,,,
11/02/2020,10:00,QUEENS,11104,40.746567,-73.91802,"(40.746567, -73.91802)",SKILLMAN AVENUE                 ,46 STREET,,0,0,0,0,0,0,0,0,Driver Inattention/Distraction,Unspecified,,,,4363875,Station Wagon/Sport Utility Vehicle,Sedan,,,
11/02/2020,8:39,BROOKLYN,11207,40.67189,-73.895874,"(40.67189, -73.895874)",PITKIN AVENUE                   ,PENNSYLVANIA AVENUE,,1,0,0,0,0,0,1,0,Unspecified,Unspecified,,,,4363503,Station Wagon/Sport Utility Vehicle,Bulk Agriculture,,,
11/02/2020,6:32,QUEENS,11419,40.68795,-73.82502,"(40.68795, -73.82502)",LEFFERTS BOULEVARD              ,103 AVENUE,,0,0,0,0,0,0,0,0,Passing Too Closely,Unspecified,Unspecified,Unspecified,Unspecified,4363424,Sedan,Sedan,Sedan,Station Wagon/Sport Utility Vehicle,
11/02/2020,11:30,BROOKLYN,11229,40.59645,-73.94114,"(40.59645, -73.94114)",,,3600      NOSTRAND AVENUE               ,1,0,0,0,0,0,1,0,Passing or Lane Usage Improper,Backing Unsafely,,,,4363518,Sedan,Box Truck,,,
11/02/2020,13:20,BROOKLYN,11234,40.63057,-73.92712,"(40.63057, -73.92712)",AVENUE I                        ,EAST 51 STREET,,0,0,0,0,0,0,0,0,Turning Improperly,Driver Inattention/Distraction,,,,4363882,Sedan,Sedan,,,
11/02/2020,21:48,QUEENS,11432,40.71966,-73.78768,"(40.71966, -73.78768)",GRAND CENTRAL PARKWAY           ,TUDOR ROAD,,1,0,0,0,0,0,1,0,Unspecified,,,,,4364561,Station Wagon/Sport Utility Vehicle,,,,
11/02/2020,14:00,MANHATTAN,10032,40.838425,-73.941696,"(40.838425, -73.941696)",BROADWAY                        ,WEST 164 STREET,,0,0,0,0,0,0,0,0,Driver Inattention/Distraction,Driver Inattention/Distraction,,,,4364171,Sedan,Station Wagon/Sport Utility Vehicle,,,
11/02/2020,20:20,BROOKLYN,11223,40.602478,-73.96636,"(40.602478, -73.96636)",AVENUE S                        ,OCEAN PARKWAY,,1,0,0,0,0,0,1,0,Unspecified,,,,,4363717,Sedan,,,,
11/02/2020,19:30,QUEENS,11428,40.721214,-73.74536,"(40.721214, -73.74536)",214 PLACE                       ,92 AVENUE,,0,0,0,0,0,0,0,0,Turning Improperly,Unspecified,,,,4363724,Station Wagon/Sport Utility Vehicle,,,,
11/02/2020,11:15,BROOKLYN,11230,40.621655,-73.974625,"(40.621655, -73.974625)",,,5025      BAY PARKWAY                   ,0,0,0,0,0,0,0,0,Unspecified,Unspecified,,,,4363841,Box Truck,Box Truck,,,
11/02/2020,19:00,BROOKLYN,11212,40.666187,-73.916664,"(40.666187, -73.916664)",SARATOGA AVENUE                 ,SUTTER AVENUE,,1,0,1,0,0,0,0,0,Driver Inattention/Distraction,,,,,4364079,Station Wagon/Sport Utility Vehicle,,,,
11/02/2020,1:26,MANHATTAN,10033,40.846153,-73.932335,"(40.846153, -73.932335)",WEST 178 STREET                 ,AMSTERDAM AVENUE,,0,0,0,0,0,0,0,0,Passing or Lane Usage Improper,Unspecified,,,,4364138,Station Wagon/Sport Utility Vehicle,Station Wagon/Sport Utility Vehicle,,,
11/02/2020,11:30,BRONX,10454,40.805557,-73.91047,"(40.805557, -73.91047)",BRUCKNER BOULEVARD              ,EAST 140 STREET,,2,0,0,0,0,0,2,0,Using On Board Navigation Device,Unspecified,,,,4363702,Sedan,Station Wagon/Sport Utility Vehicle,,,
11/02/2020,17:55,BRONX,10460,40.83677,-73.88597,"(40.83677, -73.88597)",EAST 174 STREET                 ,VYSE AVENUE,,0,0,0,0,0,0,0,0,Unsafe Speed,Unspecified,,,,4363737,Station Wagon/Sport Utility Vehicle,Sedan,,,
11/02/2020,13:43,QUEENS,11105,40.777195,-73.90739,"(40.777195, -73.90739)",21 AVENUE                       ,33 STREET,,1,0,1,0,0,0,0,0,Failure to Yield Right-of-Way,,,,,4363820,Sedan,,,,
11/02/2020,14:33,MANHATTAN,10012,40.723022,-73.99882,"(40.723022, -73.99882)",BROADWAY                        ,SPRING STREET,,0,0,0,0,0,0,0,0,Unspecified,Unspecified,,,,4363992,Sedan,Box Truck,,,
11/02/2020,0:09,QUEENS,11419,40.687237,-73.82754,"(40.687237, -73.82754)",103 AVENUE                      ,116 STREET,,1,0,0,0,0,0,1,0,Driver Inattention/Distraction,Unspecified,,,,4363580,Station Wagon/Sport Utility Vehicle,,,,
11/02/2020,0:30,QUEENS,11422,40.652554,-73.74656,"(40.652554, -73.74656)",BROOKVILLE BOULEVARD            ,149 AVENUE,,0,0,0,0,0,0,0,0,Driver Inattention/Distraction,Driver Inattention/Distraction,,,,4363444,Sedan,Sedan,,,
11/02/2020,15:30,BRONX,10470,40.900955,-73.85119,"(40.900955, -73.85119)",,,4570      FURMAN AVENUE                 ,0,0,0,0,0,0,0,0,Unspecified,Unspecified,,,,4363887,Station Wagon/Sport Utility Vehicle,Station Wagon/Sport Utility Vehicle,,,
11/02/2020,8:25,BROOKLYN,11201,40.69424,-73.995094,"(40.69424, -73.995094)",,,90        REMSEN STREET                 ,0,0,0,0,0,0,0,0,Passing Too Closely,Unspecified,,,,4363532,Pick-up Truck,Station Wagon/Sport Utility Vehicle,,,
11/02/2020,20:45,BROOKLYN,11224,40.57475,-74.00174,"(40.57475, -74.00174)",MERMAID AVENUE                  ,WEST 36 STREET,,4,0,0,0,0,0,4,0,Outside Car Distraction,Unspecified,,,,4364053,Station Wagon/Sport Utility Vehicle,Sedan,,,
11/02/2020,18:57,BRONX,10461,40.85669,-73.84097,"(40.85669, -73.84097)",,,1560      PELHAM PARKWAY SOUTH          ,0,0,0,0,0,0,0,0,Unspecified,,,,,4363732,U HAUL TRU,,,,
11/02/2020,12:20,BROOKLYN,11201,40.699184,-73.99399,"(40.699184, -73.99399)",ORANGE STREET                   ,HICKS STREET,,1,0,0,0,0,0,1,0,Unspecified,,,,,4363588,Station Wagon/Sport Utility Vehicle,Station Wagon/Sport Utility Vehicle,,,
11/02/2020,14:50,QUEENS,11372,40.75276,-73.87539,"(40.75276, -73.87539)",92 STREET                       ,35 AVENUE,,0,0,0,0,0,0,0,0,Unspecified,Unspecified,Unspecified,,,4364112,Station Wagon/Sport Utility Vehicle,Sedan,Sedan,,
11/02/2020,20:02,QUEENS,11369,40.75868,-73.87552,"(40.75868, -73.87552)",32 AVENUE                       ,93 STREET,,0,0,0,0,0,0,0,0,Unspecified,Unspecified,,,,4363977,Station Wagon/Sport Utility Vehicle,,,,
11/02/2020,12:00,BROOKLYN,11231,40.678925,-74.01106,"(40.678925, -74.01106)",PIONEER STREET                  ,VAN BRUNT STREET,,0,0,0,0,0,0,0,0,Brakes Defective,Unspecified,,,,4364067,Station Wagon/Sport Utility Vehicle,Box Truck,,,
11/02/2020,21:15,BROOKLYN,11234,40.630512,-73.92787,"(40.630512, -73.92787)",,,5014      AVENUE I                      ,0,0,0,0,0,0,0,0,Unspecified,Unspecified,,,,4363896,Sedan,Sedan,,,
11/02/2020,17:45,STATEN ISLAND,10314,40.609573,-74.12391,"(40.609573, -74.12391)",NORTH GANNON AVENUE             ,GOWER STREET,,1,0,0,0,0,0,1,0,Driver Inexperience,Driver Inattention/Distraction,Unspecified,,,4363791,Sedan,Sedan,,,
11/02/2020,10:38,BRONX,10457,40.851967,-73.897095,"(40.851967, -73.897095)",EAST 180 STREET                 ,PARK AVENUE,,1,0,1,0,0,0,0,0,Driver Inattention/Distraction,,,,,4364180,Subr,,,,
11/02/2020,14:25,BROOKLYN,11220,40.644455,-74.0183,"(40.644455, -74.0183)",3 AVENUE                        ,56 STREET,,1,0,0,0,0,0,1,0,Turning Improperly,Unspecified,,,,4364006,Pick-up Truck,Motorcycle,,,
11/02/2020,7:20,QUEENS,11377,40.736977,-73.91805,"(40.736977, -73.91805)",,,50-10     48 STREET                     ,0,0,0,0,0,0,0,0,Driver Inattention/Distraction,Unspecified,,,,4363401,Dump,Sedan,,,
11/02/2020,15:20,BRONX,10456,40.833187,-73.897026,"(40.833187, -73.897026)",,,1426      BOSTON ROAD                   ,0,0,0,0,0,0,0,0,Unspecified,Unspecified,,,,4363735,Station Wagon/Sport Utility Vehicle,Station Wagon/Sport Utility Vehicle,,,
11/02/2020,5:10,BRONX,10467,40.877888,-73.86333,"(40.877888, -73.86333)",,,3551      CARLISLE PLACE                ,0,0,0,0,0,0,0,0,Unspecified,Unspecified,,,,4364129,Station Wagon/Sport Utility Vehicle,Sedan,,,
11/02/2020,16:30,QUEENS,11365,40.733547,-73.7933,"(40.733547, -73.7933)",UTOPIA PARKWAY                  ,68 AVENUE,,0,0,0,0,0,0,0,0,Failure to Yield Right-of-Way,Unspecified,,,,4363691,Pick-up Truck,Sedan,,,
11/02/2020,17:15,BRONX,10452,40.84543,-73.91399,"(40.84543, -73.91399)",FEATHERBED LANE                 ,JEROME AVENUE,,0,0,0,0,0,0,0,0,Unspecified,Unspecified,,,,4364118,Sedan,Station Wagon/Sport Utility Vehicle,,,
11/02/2020,0:00,QUEENS,11373,40.72823,-73.879425,"(40.72823, -73.879425)",,,82-08     58 AVENUE                     ,0,0,0,0,0,0,0,0,Unspecified,Unspecified,,,,4364564,Station Wagon/Sport Utility Vehicle,Sedan,,,
11/03/2020,14:40,QUEENS,11004,40.752037,-73.7211,"(40.752037, -73.7211)",LITTLE NECK PARKWAY             ,260 STREET,,1,0,0,0,0,0,1,0,Driver Inattention/Distraction,Unspecified,,,,4363902,Sedan,Station Wagon/Sport Utility Vehicle,,,
11/03/2020,18:50,BROOKLYN,11210,40.62625,-73.95163,"(40.62625, -73.95163)",BEDFORD AVENUE                  ,AVENUE J,,1,0,0,0,1,0,0,0,Driver Inattention/Distraction,Unspecified,,,,4364143,Sedan,Bike,,,
11/03/2020,0:00,BROOKLYN,11211,40.707405,-73.959946,"(40.707405, -73.959946)",HAVEMEYER STREET                ,DIVISION AVENUE,,0,0,0,0,0,0,0,0,Driver Inattention/Distraction,Unspecified,,,,4364059,Sedan,,,,
11/03/2020,21:31,BROOKLYN,11220,40.638878,-74.00605,"(40.638878, -74.00605)",8 AVENUE                        ,54 STREET,,1,0,0,0,0,0,1,0,Failure to Yield Right-of-Way,Unspecified,,,,4364012,Station Wagon/Sport Utility Vehicle,Motorcycle,,,
11/03/2020,17:30,BROOKLYN,11210,40.63158,-73.94755,"(40.63158, -73.94755)",NOSTRAND AVENUE                 ,AVENUE H,,0,0,0,0,0,0,0,0,Driver Inattention/Distraction,Unspecified,,,,4364148,Bus,Station Wagon/Sport Utility Vehicle,,,
11/03/2020,10:00,QUEENS,11378,40.72965,-73.90023,"(40.72965, -73.90023)",,,53-80     65 PLACE                      ,0,0,0,0,0,0,0,0,Unspecified,Unspecified,,,,4363949,Station Wagon/Sport Utility Vehicle,Sedan,,,
11/03/2020,17:50,BROOKLYN,11236,40.648697,-73.917595,"(40.648697, -73.917595)",,,8820      AVENUE B                      ,2,0,0,0,0,0,2,0,Unspecified,Unspecified,Unspecified,Unspecified,,4364446,Sedan,Station Wagon/Sport Utility Vehicle,Station Wagon/Sport Utility Vehicle,Station Wagon/Sport Utility Vehicle,
11/03/2020,10:26,BROOKLYN,11203,40.64457,-73.94502,"(40.64457, -73.94502)",CORTELYOU ROAD                  ,EAST 34 STREET,,0,0,0,0,0,0,0,0,View Obstructed/Limited,Unspecified,,,,4364264,Sedan,Sedan,,,
11/03/2020,19:15,QUEENS,11691,40.595985,-73.763,"(40.595985, -73.763)",SEAGIRT BOULEVARD               ,BEACH 30 STREET,,0,0,0,0,0,0,0,0,Passing Too Closely,Unspecified,,,,4364072,Sedan,Pick-up Truck,,,
11/03/2020,13:10,QUEENS,11372,40.755554,-73.885376,"(40.755554, -73.885376)",NORTHERN BOULEVARD              ,82 STREET,,0,0,0,0,0,0,0,0,Traffic Control Disregarded,Unspecified,,,,4363976,Sedan,Station Wagon/Sport Utility Vehicle,,,
11/03/2020,13:45,BRONX,10459,40.82389,-73.89585,"(40.82389, -73.89585)",KELLY STREET                    ,EAST 165 STREET,,2,0,0,0,0,0,2,0,Unspecified,Unspecified,,,,4364188,Sedan,Sedan,,,
11/03/2020,10:36,BRONX,10456,40.83501,-73.91206,"(40.83501, -73.91206)",EAST 169 STREET                 ,COLLEGE AVENUE,,0,0,0,0,0,0,0,0,Driver Inattention/Distraction,Unspecified,,,,4363850,Station Wagon/Sport Utility Vehicle,,,,
11/03/2020,17:15,QUEENS,11104,40.746246,-73.91524,"(40.746246, -73.91524)",49 STREET                       ,SKILLMAN AVENUE,,1,0,1,0,0,0,0,0,Driver Inattention/Distraction,,,,,4364061,Bike,,,,
11/03/2020,6:40,BROOKLYN,11237,40.702503,-73.91313,"(40.702503, -73.91313)",,,255       SAINT NICHOLAS AVENUE         ,0,0,0,0,0,0,0,0,Unspecified,,,,,4363994,Station Wagon/Sport Utility Vehicle,,,,
11/03/2020,2:30,MANHATTAN,10032,40.83482,-73.9406,"(40.83482, -73.9406)",,,2017      AMSTERDAM AVENUE              ,0,0,0,0,0,0,0,0,Turning Improperly,,,,,4364172,Sedan,,,,
11/03/2020,11:23,BRONX,10466,40.888947,-73.8588,"(40.888947, -73.8588)",,,723       EAST 227 STREET               ,0,0,0,0,0,0,0,0,Reaction to Uninvolved Vehicle,Unspecified,,,,4363890,Pick-up Truck,LIMO,,,
11/03/2020,13:30,BRONX,10453,40.84962,-73.91938,"(40.84962, -73.91938)",MONTGOMERY AVENUE               ,WEST 176 STREET,,0,0,0,0,0,0,0,0,Unspecified,,,,,4364440,Station Wagon/Sport Utility Vehicle,Sedan,,,
11/03/2020,15:40,BRONX,10469,40.882133,-73.85571,"(40.882133, -73.85571)",,,932       EAST 220 STREET               ,1,0,0,0,1,0,0,0,Traffic Control Disregarded,Unspecified,,,,4364146,Station Wagon/Sport Utility Vehicle,E-Bike,,,
11/03/2020,1:30,BRONX,10456,40.835297,-73.91291,"(40.835297, -73.91291)",EAST 169 STREET                 ,MORRIS AVENUE,,0,0,0,0,0,0,0,0,Other Vehicular,Traffic Control Disregarded,,,,4363998,Station Wagon/Sport Utility Vehicle,Sedan,,,
11/03/2020,9:30,STATEN ISLAND,10310,40.63239,-74.11917,"(40.63239, -74.11917)",CARY AVENUE                     ,CAROLINE STREET,,0,0,0,0,0,0,0,0,Unspecified,,,,,4364114,Sedan,,,,
11/03/2020,14:00,BRONX,10461,40.849403,-73.853355,"(40.849403, -73.853355)",,,1090      MORRIS PARK AVENUE            ,0,0,0,0,0,0,0,0,Unspecified,,,,,4363918,Sedan,,,,
11/03/2020,14:55,QUEENS,11040,40.752216,-73.70509,"(40.752216, -73.70509)",,,270-14    77 AVENUE                     ,0,0,0,0,0,0,0,0,Unspecified,,,,,4363965,Sedan,,,,
11/03/2020,12:28,BROOKLYN,11214,40.5999,-73.987366,"(40.5999, -73.987366)",,,2432      84 STREET                     ,0,0,0,0,0,0,0,0,Unspecified,Unspecified,Unspecified,,,4363950,Sedan,Sedan,Station Wagon/Sport Utility Vehicle,,
11/03/2020,8:17,BROOKLYN,11211,40.71298,-73.961266,"(40.71298, -73.961266)",,,161       SOUTH 2 STREET                ,0,0,0,0,0,0,0,0,Turning Improperly,Unspecified,,,,4364058,Sedan,,,,
11/03/2020,22:45,QUEENS,11420,40.677544,-73.8107,"(40.677544, -73.8107)",,,128-18    116 AVENUE                    ,0,0,0,0,0,0,0,0,Backing Unsafely,Unspecified,,,,4364076,Sedan,,,,
11/03/2020,7:57,BRONX,10460,40.84287,-73.889366,"(40.84287, -73.889366)",,,781       FAIRMOUNT PLACE               ,0,0,0,0,0,0,0,0,Driver Inattention/Distraction,,,,,4363786,Station Wagon/Sport Utility Vehicle,,,,
11/03/2020,16:40,BROOKLYN,11220,40.637962,-74.01058,"(40.637962, -74.01058)",58 STREET                       ,7 AVENUE,,0,0,0,0,0,0,0,0,Passing Too Closely,Unspecified,,,,4364011,Station Wagon/Sport Utility Vehicle,Box Truck,,,
11/03/2020,17:55,QUEENS,11103,40.76861,-73.91113,"(40.76861, -73.91113)",,,24-31     STEINWAY STREET               ,1,0,0,0,1,0,0,0,Driver Inattention/Distraction,Unspecified,,,,4364070,Station Wagon/Sport Utility Vehicle,Bike,,,
11/03/2020,15:15,QUEENS,11367,40.741688,-73.824554,"(40.741688, -73.824554)",,,142-48    HORACE HARDING EXPRESSWAY     ,0,0,0,0,0,0,0,0,Driver Inattention/Distraction,Unspecified,Unspecified,,,4363980,Sedan,Sedan,Sedan,,
11/03/2020,18:30,BRONX,10458,40.861668,-73.89134,"(40.861668, -73.89134)",,,400       EAST FORDHAM ROAD             ,1,0,1,0,0,0,0,0,Unspecified,,,,,4364150,Station Wagon/Sport Utility Vehicle,,,,
11/03/2020,15:20,MANHATTAN,10017,40.75457,-73.97169,"(40.75457, -73.97169)",3 AVENUE                        ,EAST 48 STREET,,1,0,0,0,0,0,1,0,Unspecified,Unspecified,,,,4364274,Sedan,Sedan,,,
11/03/2020,18:34,BRONX,10472,40.831875,-73.86636,"(40.831875, -73.86636)",WESTCHESTER AVENUE              ,BEACH AVENUE,,0,0,0,0,0,0,0,0,Unspecified,Unspecified,,,,4364295,Station Wagon/Sport Utility Vehicle,Station Wagon/Sport Utility Vehicle,,,
11/03/2020,0:01,MANHATTAN,10011,40.73988,-73.99872,"(40.73988, -73.99872)",WEST 16 STREET                  ,7 AVENUE,,0,0,0,0,0,0,0,0,Driver Inexperience,Unspecified,,,,4364298,Sedan,Station Wagon/Sport Utility Vehicle,,,
11/03/2020,14:45,QUEENS,11354,40.75814,-73.83517,"(40.75814, -73.83517)",ROOSEVELT AVENUE                ,JANET PLACE,,1,0,0,0,1,0,0,0,Traffic Control Disregarded,Unspecified,,,,4364182,Sedan,E-Scooter,,,
11/03/2020,7:30,BROOKLYN,11207,40.670727,-73.88609,"(40.670727, -73.88609)",SUTTER AVENUE                   ,JEROME STREET,,0,0,0,0,0,0,0,0,Backing Unsafely,Unspecified,,,,4363810,Sedan,Station Wagon/Sport Utility Vehicle,,,
11/03/2020,17:40,QUEENS,11428,40.71948,-73.74557,"(40.71948, -73.74557)",93 AVENUE                       ,214 STREET,,0,0,0,0,0,0,0,0,Failure to Yield Right-of-Way,Unspecified,,,,4363985,Sedan,Sedan,,,
11/03/2020,15:15,BROOKLYN,11228,40.617886,-74.01712,"(40.617886, -74.01712)",11 AVENUE                       ,84 STREET,,1,0,1,0,0,0,0,0,Driver Inattention/Distraction,,,,,4363987,Sedan,,,,
11/03/2020,7:00,BRONX,10462,40.830597,-73.84442,"(40.830597, -73.84442)",ZEREGA AVENUE                   ,WATSON AVENUE,,0,0,0,0,0,0,0,0,Unspecified,Unspecified,,,,4363867,Pick-up Truck,Sedan,,,
11/03/2020,9:00,BRONX,10459,40.824387,-73.901184,"(40.824387, -73.901184)",EAST 165 STREET                 ,UNION AVENUE,,0,0,0,0,0,0,0,0,Pavement Defective,Unspecified,,,,4364052,Dump,Sedan,,,
11/03/2020,16:25,MANHATTAN,10021,40.771103,-73.96383,"(40.771103, -73.96383)",EAST 72 STREET                  ,PARK AVENUE,,0,0,0,0,0,0,0,0,Failure to Yield Right-of-Way,Unspecified,,,,4364087,Sedan,Bike,,,
11/03/2020,12:25,QUEENS,11355,40.75667,-73.828804,"(40.75667, -73.828804)",MAIN STREET                     ,SANFORD AVENUE,,1,0,1,0,0,0,0,0,Other Vehicular,,,,,4363877,Station Wagon/Sport Utility Vehicle,,,,
11/03/2020,13:00,BROOKLYN,11233,40.68549,-73.924255,"(40.68549, -73.924255)",,,786       HANCOCK STREET                ,0,0,0,0,0,0,0,0,Unspecified,,,,,4364266,Sedan,,,,
11/03/2020,14:40,STATEN ISLAND,10306,40.58009,-74.11392,"(40.58009, -74.11392)",,,2205      RICHMOND ROAD                 ,1,0,0,0,0,0,1,0,Driver Inattention/Distraction,,,,,4364018,Sedan,,,,
11/03/2020,11:25,QUEENS,11693,40.586685,-73.81486,"(40.586685, -73.81486)",,,91-17     ROCKAWAY BEACH BOULEVARD      ,0,0,0,0,0,0,0,0,Backing Unsafely,Passing or Lane Usage Improper,,,,4363861,Bus,Tractor Truck Gasoline,,,
11/03/2020,21:16,BROOKLYN,11213,40.66705,-73.94241,"(40.66705, -73.94241)",,,351       KINGSTON AVENUE               ,0,0,0,0,0,0,0,0,Driver Inattention/Distraction,,,,,4363990,Station Wagon/Sport Utility Vehicle,,,,
11/03/2020,12:43,BRONX,10473,40.82367,-73.84596,"(40.82367, -73.84596)",LAFAYETTE AVENUE                ,HAVEMEYER AVENUE,,0,0,0,0,0,0,0,0,Unspecified,,,,,4364289,Sedan,,,,
11/03/2020,15:30,BROOKLYN,11207,40.666443,-73.88275,"(40.666443, -73.88275)",,,927       LIVONIA AVENUE                ,1,0,0,0,0,0,1,0,Physical Disability,Unspecified,Unspecified,,,4364204,Sedan,Sedan,Sedan,,
11/03/2020,9:32,BROOKLYN,11225,40.665176,-73.946655,"(40.665176, -73.946655)",,,547       MONTGOMERY STREET             ,0,0,0,0,0,0,0,0,Unspecified,,,,,4364007,Station Wagon/Sport Utility Vehicle,,,,
11/03/2020,6:40,QUEENS,11413,40.681946,-73.73827,"(40.681946, -73.73827)",130 AVENUE                      ,229 STREET,,1,0,0,0,0,0,1,0,Unspecified,Unspecified,,,,4363808,Sedan,Sedan,,,
11/03/2020,16:00,QUEENS,11413,40.65942,-73.761116,"(40.65942, -73.761116)",147 AVENUE                      ,SPRINGFIELD BOULEVARD,,0,0,0,0,0,0,0,0,Unspecified,Unspecified,,,,4364021,Sedan,Sedan,,,
11/03/2020,9:25,MANHATTAN,10128,40.776604,-73.94663,"(40.776604, -73.94663)",EAST 87 STREET                  ,YORK AVENUE,,1,0,0,0,0,0,1,0,Driver Inattention/Distraction,Unspecified,Unspecified,,,4364088,Sedan,Station Wagon/Sport Utility Vehicle,Station Wagon/Sport Utility Vehicle,,
11/03/2020,10:20,BROOKLYN,11211,40.71407,-73.954346,"(40.71407, -73.954346)",METROPOLITAN AVENUE             ,MARCY AVENUE,,0,0,0,0,0,0,0,0,Failure to Yield Right-of-Way,Unspecified,,,,4364057,Tractor Truck Diesel,Station Wagon/Sport Utility Vehicle,,,
11/03/2020,23:51,MANHATTAN,10026,40.80202,-73.94969,"(40.80202, -73.94969)",WEST 116 STREET                 ,LENOX AVENUE,,0,0,0,0,0,0,0,0,Unspecified,Unspecified,Unspecified,,,4364248,Sedan,Sedan,Station Wagon/Sport Utility Vehicle,,
11/03/2020,21:30,BRONX,10472,40.830055,-73.86499,"(40.830055, -73.86499)",GLEASON AVENUE                  ,TAYLOR AVENUE,,1,0,0,0,0,0,1,0,Unsafe Speed,Unspecified,,,,4364285,Sedan,,,,
11/03/2020,19:13,MANHATTAN,10033,40.852333,-73.938774,"(40.852333, -73.938774)",WEST 183 STREET                 ,PINEHURST AVENUE,,0,0,0,0,0,0,0,0,Driver Inattention/Distraction,,,,,4364213,Sedan,,,,
11/03/2020,17:09,QUEENS,11411,40.702198,-73.74391,"(40.702198, -73.74391)",,,114-28    211 STREET                    ,0,0,0,0,0,0,0,0,Reaction to Uninvolved Vehicle,Unspecified,,,,4363941,Station Wagon/Sport Utility Vehicle,Station Wagon/Sport Utility Vehicle,,,
11/03/2020,18:00,QUEENS,11004,40.744026,-73.717636,"(40.744026, -73.717636)",UNION TURNPIKE                  ,LITTLE NECK PARKWAY,,0,0,0,0,0,0,0,0,Following Too Closely,Unspecified,,,,4363967,Station Wagon/Sport Utility Vehicle,School Bus,,,
11/03/2020,9:30,BRONX,10451,40.810196,-73.93068,"(40.810196, -73.93068)",,,200       EAST 135 STREET               ,0,0,0,0,0,0,0,0,Unspecified,Unspecified,,,,4364042,Station Wagon/Sport Utility Vehicle,Sedan,,,
11/03/2020,8:00,BROOKLYN,11230,40.62075,-73.95738,"(40.62075, -73.95738)",,,1819      AVENUE L                      ,0,0,0,0,0,0,0,0,Driver Inattention/Distraction,Unspecified,,,,4363806,Station Wagon/Sport Utility Vehicle,,,,
11/03/2020,15:56,QUEENS,11434,40.687622,-73.77881,"(40.687622, -73.77881)",169 STREET                      ,116 AVENUE,,0,0,0,0,0,0,0,0,Unspecified,Unspecified,,,,4363964,Sedan,Sedan,,,
11/03/2020,10:30,MANHATTAN,10016,40.74418,-73.97842,"(40.74418, -73.97842)",,,219       EAST 32 STREET                ,0,0,0,0,0,0,0,0,Backing Unsafely,Unspecified,,,,4364027,Motorcycle,Station Wagon/Sport Utility Vehicle,,,
11/03/2020,18:24,BROOKLYN,11234,40.635185,-73.92862,"(40.635185, -73.92862)",GLENWOOD ROAD                   ,UTICA AVENUE,,0,0,0,0,0,0,0,0,Unspecified,Unspecified,,,,4364136,Station Wagon/Sport Utility Vehicle,Station Wagon/Sport Utility Vehicle,,,
11/03/2020,13:04,MANHATTAN,10012,40.72598,-73.994606,"(40.72598, -73.994606)",,,337       LAFAYETTE STREET              ,0,0,0,0,0,0,0,0,Driver Inattention/Distraction,Unspecified,,,,4364105,Sedan,Pick-up Truck,,,
11/03/2020,18:09,QUEENS,11694,40.58159,-73.84225,"(40.58159, -73.84225)",BEACH 120 STREET                ,BEACH CHANNEL DRIVE,,0,0,0,0,0,0,0,0,Shoulders Defective/Improper,,,,,4364096,Sedan,,,,
11/03/2020,18:40,MANHATTAN,10029,40.79687,-73.940796,"(40.79687, -73.940796)",,,2095      3 AVENUE                      ,0,0,0,0,0,0,0,0,Unspecified,,,,,4364255,Station Wagon/Sport Utility Vehicle,,,,
11/03/2020,14:44,QUEENS,11372,40.756145,-73.8798,"(40.756145, -73.8798)",88 STREET                       ,NORTHERN BOULEVARD,,0,0,0,0,0,0,0,0,Driver Inattention/Distraction,Unspecified,,,,4364108,Sedan,Station Wagon/Sport Utility Vehicle,,,
11/03/2020,16:36,QUEENS,11435,40.688972,-73.80643,"(40.688972, -73.80643)",,,107-37    142 STREET                    ,0,0,0,0,0,0,0,0,Passing Too Closely,Unspecified,,,,4363953,Station Wagon/Sport Utility Vehicle,Station Wagon/Sport Utility Vehicle,,,
11/03/2020,7:27,BROOKLYN,11207,40.675755,-73.88738,"(40.675755, -73.88738)",LIBERTY AVENUE                  ,JEROME STREET,,2,0,0,0,0,0,2,0,Driver Inattention/Distraction,Unspecified,,,,4363763,Station Wagon/Sport Utility Vehicle,Sedan,,,
11/03/2020,21:17,BROOKLYN,11239,40.651234,-73.86991,"(40.651234, -73.86991)",,,519       GATEWAY DRIVE                 ,0,0,0,0,0,0,0,0,Unspecified,,,,,4364207,Station Wagon/Sport Utility Vehicle,,,,
11/03/2020,12:47,STATEN ISLAND,10301,40.630714,-74.10444,"(40.630714, -74.10444)",,,450       FOREST AVENUE                 ,0,0,0,0,0,0,0,0,Driver Inattention/Distraction,Unspecified,,,,4364115,Sedan,,,,
11/03/2020,19:45,BROOKLYN,11216,40.680214,-73.94628,"(40.680214, -73.94628)",FULTON STREET                   ,MARCY AVENUE,,2,0,0,0,0,0,2,0,Passing or Lane Usage Improper,Unspecified,,,,4364280,Taxi,,,,
11/03/2020,13:28,QUEENS,11354,40.76727,-73.82905,"(40.76727, -73.82905)",34 AVENUE                       ,LEAVITT STREET,,0,0,0,0,0,0,0,0,Unspecified,Unspecified,,,,4363872,Sedan,Sedan,,,
11/03/2020,14:20,BRONX,10461,40.85543,-73.855354,"(40.85543, -73.855354)",LYDIG AVENUE                    ,WILLIAMSBRIDGE ROAD,,0,0,0,0,0,0,0,0,Backing Unsafely,Unspecified,,,,4363943,Sedan,Sedan,,,
11/03/2020,22:50,BRONX,10454,40.804695,-73.92239,"(40.804695, -73.92239)",BRUCKNER BOULEVARD              ,BROWN PLACE,,3,0,0,0,0,0,3,0,Unspecified,,,,,4364047,Sedan,,,,
11/03/2020,11:02,MANHATTAN,10021,40.76527,-73.95213,"(40.76527, -73.95213)",EAST 71 STREET                  ,FDR DRIVE,,0,0,0,0,0,0,0,0,Driver Inattention/Distraction,Unspecified,,,,4364086,Sedan,,,,
11/03/2020,11:30,STATEN ISLAND,10304,40.59415,-74.0949,"(40.59415, -74.0949)",,,73        BURGHER AVENUE                ,0,0,0,0,0,0,0,0,Driver Inattention/Distraction,Unspecified,,,,4363966,Box Truck,Sedan,,,
11/03/2020,13:20,BRONX,10452,40.833183,-73.93022,"(40.833183, -73.93022)",WEST 164 STREET                 ,SUMMIT AVENUE,,0,0,0,0,0,0,0,0,Passing or Lane Usage Improper,Unspecified,,,,4363927,Station Wagon/Sport Utility Vehicle,Station Wagon/Sport Utility Vehicle,,,
11/03/2020,14:00,QUEENS,11422,40.652554,-73.74656,"(40.652554, -73.74656)",149 AVENUE                      ,BROOKVILLE BOULEVARD,,0,0,0,0,0,0,0,0,Unspecified,,,,,4363869,Sedan,,,,
11/03/2020,17:44,BRONX,10469,40.87548,-73.85758,"(40.87548, -73.85758)",EAST 211 STREET                 ,PAULDING AVENUE,,0,1,0,1,0,0,0,0,Failure to Yield Right-of-Way,Unspecified,,,,4364005,Station Wagon/Sport Utility Vehicle,,,,
11/03/2020,7:10,MANHATTAN,10025,40.803627,-73.963394,"(40.803627, -73.963394)",AMSTERDAM AVENUE                ,WEST 111 STREET,,0,0,0,0,0,0,0,0,Following Too Closely,Unspecified,,,,4364165,Sedan,Taxi,,,
11/03/2020,12:21,BROOKLYN,11231,40.682907,-73.99306,"(40.682907, -73.99306)",DE GRAW STREET                  ,SMITH STREET,,0,0,0,0,0,0,0,0,Following Too Closely,Unspecified,,,,4364445,Sedan,Tractor Truck Gasoline,,,
11/03/2020,14:41,MANHATTAN,10027,40.807854,-73.94914,"(40.807854, -73.94914)",,,2065      7 AVENUE                      ,0,0,0,0,0,0,0,0,Driver Inattention/Distraction,Unspecified,,,,4364237,Sedan,Sedan,,,
11/03/2020,13:48,BROOKLYN,11211,40.71393,-73.940056,"(40.71393, -73.940056)",,,241       DEVOE STREET                  ,0,0,0,0,0,0,0,0,Unsafe Speed,Unspecified,,,,4364065,Sedan,,,,
11/03/2020,13:30,BRONX,10468,40.867878,-73.893005,"(40.867878, -73.893005)",EAST 196 STREET                 ,GRAND CONCOURSE,,1,0,1,0,0,0,0,0,Unspecified,,,,,4363930,Sedan,,,,
11/03/2020,23:12,BROOKLYN,11218,40.643574,-73.98674,"(40.643574, -73.98674)",36 STREET                       ,12 AVENUE,,1,0,0,0,1,0,0,0,Traffic Control Disregarded,Unspecified,,,,4364084,Bike,,,,
11/03/2020,15:20,BROOKLYN,11214,40.59829,-74.00006,"(40.59829, -74.00006)",BAY 28 STREET                   ,CROPSEY AVENUE,,0,0,0,0,0,0,0,0,Backing Unsafely,Unspecified,,,,4363984,Station Wagon/Sport Utility Vehicle,Sedan,,,
11/03/2020,23:45,BROOKLYN,11207,40.66226,-73.89726,"(40.66226, -73.89726)",,,545       WILLIAMS AVENUE               ,0,0,0,0,0,0,0,0,Unspecified,Unspecified,,,,4364209,Station Wagon/Sport Utility Vehicle,,,,
11/03/2020,17:23,BRONX,10473,40.824207,-73.858795,"(40.824207, -73.858795)",WHITE PLAINS ROAD               ,STORY AVENUE,,0,0,0,0,0,0,0,0,Unsafe Lane Changing,Unspecified,,,,4364290,Sedan,Ambulance,,,
11/03/2020,8:50,QUEENS,11357,40.792076,-73.80447,"(40.792076, -73.80447)",157 STREET                      ,11 AVENUE,,1,0,0,0,0,0,1,0,Failure to Yield Right-of-Way,Unspecified,,,,4363870,Station Wagon/Sport Utility Vehicle,Station Wagon/Sport Utility Vehicle,,,
11/03/2020,9:40,BRONX,10460,40.834915,-73.894135,"(40.834915, -73.894135)",WILKENS AVENUE                  ,BOSTON ROAD,,0,0,0,0,0,0,0,0,Driver Inattention/Distraction,,,,,4364051,van,,,,
11/03/2020,10:07,BROOKLYN,11220,40.64606,-74.01648,"(40.64606, -74.01648)",3 AVENUE                        ,53 STREET,,2,0,0,0,0,0,2,0,Unspecified,Unspecified,,,,4364008,Station Wagon/Sport Utility Vehicle,Station Wagon/Sport Utility Vehicle,,,
11/03/2020,13:00,BRONX,10459,40.821415,-73.88933,"(40.821415, -73.88933)",BRUCKNER BOULEVARD              ,FAILE STREET,,1,0,0,0,1,0,0,0,Failure to Yield Right-of-Way,Unspecified,,,,4363895,E-Bike,Sedan,,,
11/03/2020,8:00,QUEENS,11368,40.750225,-73.85515,"(40.750225, -73.85515)",111 STREET                      ,42 AVENUE,,0,0,0,0,0,0,0,0,Unspecified,Unspecified,,,,4364117,Sedan,Sedan,,,
11/03/2020,15:29,BRONX,10460,40.84158,-73.883354,"(40.84158, -73.883354)",,,939       EAST TREMONT AVENUE           ,1,0,1,0,0,0,0,0,Unspecified,,,,,4364155,Sedan,,,,
11/03/2020,14:30,QUEENS,11377,40.756016,-73.90162,"(40.756016, -73.90162)",61 STREET                       ,32 AVENUE,,1,0,0,0,0,0,1,0,Passing Too Closely,Backing Unsafely,,,,4364071,Sedan,Station Wagon/Sport Utility Vehicle,,,
11/03/2020,20:05,BROOKLYN,11233,40.676495,-73.913704,"(40.676495, -73.913704)",ATLANTIC AVENUE                 ,BOYLAND STREET,,1,0,0,0,0,0,1,0,Unspecified,Unspecified,,,,4364090,Sedan,Sedan,,,
11/03/2020,18:30,BRONX,10452,40.843643,-73.91303,"(40.843643, -73.91303)",EAST MOUNT EDEN AVENUE          ,WALTON AVENUE,,0,0,0,0,0,0,0,0,Failure to Yield Right-of-Way,Unspecified,,,,4363955,Sedan,Taxi,,,
11/03/2020,18:40,QUEENS,11420,40.682503,-73.82131,"(40.682503, -73.82131)",109 AVENUE                      ,120 STREET,,0,0,0,0,0,0,0,0,Traffic Control Disregarded,Unspecified,,,,4364075,Sedan,,,,
11/03/2020,9:30,BROOKLYN,11239,40.658005,-73.87408,"(40.658005, -73.87408)",LINWOOD STREET                  ,FLATLANDS AVENUE,,0,0,0,0,0,0,0,0,Backing Unsafely,Unspecified,,,,4364210,Sedan,Box Truck,,,
11/03/2020,14:57,QUEENS,11434,40.692066,-73.7654,"(40.692066, -73.7654)",LINDEN BOULEVARD                ,NEWBURG STREET,,0,0,0,0,0,0,0,0,Unspecified,Unspecified,,,,4364313,Sedan,Sedan,,,
11/03/2020,12:50,BRONX,10462,40.84934,-73.856155,"(40.84934, -73.856155)",,,1842      PAULDING AVENUE               ,0,0,0,0,0,0,0,0,Unspecified,,,,,4363912,Pick-up Truck,,,,
11/03/2020,20:58,BROOKLYN,11209,40.62884,-74.03019,"(40.62884, -74.03019)",,,256       79 STREET                     ,0,0,0,0,0,0,0,0,Unspecified,,,,,4364436,Sedan,,,,
11/03/2020,7:47,QUEENS,11368,40.75736,-73.86834,"(40.75736, -73.86834)",,,100-01    NORTHERN BOULEVARD            ,0,0,0,0,0,0,0,0,Other Vehicular,Driver Inexperience,,,,4364103,Sedan,Station Wagon/Sport Utility Vehicle,,,
11/03/2020,14:00,BROOKLYN,11215,40.6641,-73.99344,"(40.6641, -73.99344)",,,181       18 STREET                     ,0,0,0,0,0,0,0,0,Unspecified,,,,,4364010,Sedan,,,,
11/03/2020,18:00,BRONX,10463,40.875057,-73.90451,"(40.875057, -73.90451)",,,2860      BAILEY AVENUE                 ,0,0,0,0,0,0,0,0,Unspecified,,,,,4364335,Sedan,,,,
11/03/2020,4:45,BRONX,10473,40.819016,-73.84804,"(40.819016, -73.84804)",CASTLE HILL AVENUE              ,RANDALL AVENUE,,1,0,0,0,0,0,1,0,Unspecified,Unspecified,,,,4364294,Station Wagon/Sport Utility Vehicle,Sedan,,,
11/03/2020,19:30,QUEENS,11422,40.678417,-73.729225,"(40.678417, -73.729225)",130 AVENUE                      ,BROOKVILLE BOULEVARD,,0,0,0,0,0,0,0,0,Unspecified,Unspecified,,,,4364024,Sedan,Sedan,,,
11/03/2020,13:30,QUEENS,11421,40.69125,-73.85087,"(40.69125, -73.85087)",89 AVENUE                       ,WOODHAVEN BOULEVARD,,0,0,0,0,0,0,0,0,Unspecified,,,,,4364260,Sedan,,,,
11/03/2020,14:18,MANHATTAN,10016,40.747684,-73.97879,"(40.747684, -73.97879)",EAST 36 STREET                  ,LEXINGTON AVENUE,,1,0,1,0,0,0,0,0,View Obstructed/Limited,,,,,4363898,Pick-up Truck,,,,
11/03/2020,19:53,BROOKLYN,11236,40.648182,-73.91463,"(40.648182, -73.91463)",,,9001      DITMAS AVENUE                 ,0,0,0,0,0,0,0,0,Driver Inattention/Distraction,Unspecified,,,,4364140,Station Wagon/Sport Utility Vehicle,Station Wagon/Sport Utility Vehicle,,,
11/03/2020,14:35,QUEENS,11434,40.689075,-73.774536,"(40.689075, -73.774536)",174 STREET                      ,116 AVENUE,,1,0,0,0,0,0,1,0,Unspecified,Unspecified,,,,4364314,Station Wagon/Sport Utility Vehicle,Sedan,,,
11/03/2020,6:50,MANHATTAN,10026,40.803894,-73.95204,"(40.803894, -73.95204)",7 AVENUE                        ,WEST 117 STREET,,1,0,0,0,1,0,0,0,Unsafe Lane Changing,Unspecified,,,,4364236,E-Bike,Station Wagon/Sport Utility Vehicle,,,
11/03/2020,22:30,QUEENS,11432,40.718807,-73.78916,"(40.718807, -73.78916)",,,175-54    GRAND CENTRAL PARKWAY         ,0,0,0,0,0,0,0,0,Unsafe Lane Changing,Unspecified,,,,4364559,Sedan,Sedan,,,
11/03/2020,23:16,BROOKLYN,11236,40.628025,-73.89867,"(40.628025, -73.89867)",SEAVIEW AVENUE                  ,EAST 85 STREET,,1,0,0,0,0,0,1,0,Unsafe Lane Changing,Unspecified,,,,4364687,Sedan,Sedan,,,
11/03/2020,10:28,BROOKLYN,11215,40.67068,-73.98505,"(40.67068, -73.98505)",,,391       5 AVENUE                      ,0,0,0,0,0,0,0,0,Unspecified,,,,,4364055,Sedan,,,,
11/03/2020,14:42,MANHATTAN,10033,40.846153,-73.932335,"(40.846153, -73.932335)",AMSTERDAM AVENUE                ,WEST 178 STREET,,0,0,0,0,0,0,0,0,Driver Inattention/Distraction,Unspecified,,,,4364470,Station Wagon/Sport Utility Vehicle,Sedan,,,
11/03/2020,22:09,QUEENS,11434,40.677265,-73.76174,"(40.677265, -73.76174)",,,133-47    DENIS STREET                  ,0,0,0,0,0,0,0,0,Driver Inattention/Distraction,Unspecified,,,,4364526,Sedan,Station Wagon/Sport Utility Vehicle,,,
11/03/2020,19:19,BRONX,10466,40.891937,-73.85278,"(40.891937, -73.85278)",,,855       EAST 233 STREET               ,0,0,0,0,0,0,0,0,Driver Inattention/Distraction,Unspecified,,,,4364227,Sedan,Station Wagon/Sport Utility Vehicle,,,
11/03/2020,13:11,BROOKLYN,11216,40.691704,-73.94849,"(40.691704, -73.94849)",DE KALB AVENUE                  ,MARCY AVENUE,,1,0,0,0,0,0,1,0,Driver Inexperience,Unspecified,,,,4364271,Sedan,Sedan,,,
11/03/2020,9:45,BROOKLYN,11207,40.675735,-73.89686,"(40.675735, -73.89686)",ATLANTIC AVENUE                 ,PENNSYLVANIA AVENUE,,1,0,1,0,0,0,0,0,Failure to Yield Right-of-Way,,,,,4363811,Pick-up Truck,,,,
11/03/2020,13:02,QUEENS,11385,40.702187,-73.89344,"(40.702187, -73.89344)",CYPRESS HILLS STREET            ,SHALER AVENUE,,0,0,0,0,0,0,0,0,Driver Inattention/Distraction,Unspecified,,,,4364480,Sedan,Station Wagon/Sport Utility Vehicle,,,
11/03/2020,12:15,BRONX,10467,40.86318,-73.86556,"(40.86318, -73.86556)",MACE AVENUE                     ,BOSTON ROAD,,0,0,0,0,0,0,0,0,Unspecified,,,,,4363920,Sedan,PK,,,
11/03/2020,13:55,BROOKLYN,11212,40.66183,-73.92094,"(40.66183, -73.92094)",,,214       ROCKAWAY PARKWAY              ,1,0,0,0,0,0,1,0,Unspecified,,,,,4363923,Sedan,Sedan,,,
11/03/2020,17:25,BRONX,10457,40.845814,-73.890785,"(40.845814, -73.890785)",,,1970      CROTONA AVENUE                ,0,0,0,0,0,0,0,0,Turning Improperly,Unspecified,,,,4364151,Station Wagon/Sport Utility Vehicle,Station Wagon/Sport Utility Vehicle,,,
11/03/2020,21:43,STATEN ISLAND,10301,40.642685,-74.07865,"(40.642685, -74.07865)",,,296       SAINT MARKS PLACE             ,0,0,0,0,0,0,0,0,Driver Inattention/Distraction,Other Vehicular,,,,4364494,Sedan,Sedan,,,
11/03/2020,19:00,BRONX,10465,40.82819,-73.83534,"(40.82819, -73.83534)",BRUCKNER BOULEVARD              ,SAINT JOSEPHS WAY,,0,0,0,0,0,0,0,0,Reaction to Uninvolved Vehicle,Following Too Closely,Following Too Closely,,,4364254,Sedan,Sedan,Sedan,,
11/03/2020,10:20,BROOKLYN,11207,40.677525,-73.89508,"(40.677525, -73.89508)",,,2696      FULTON STREET                 ,0,0,0,0,0,0,0,0,Driver Inattention/Distraction,Unspecified,,,,4364200,Box Truck,Sedan,,,
11/03/2020,14:45,QUEENS,11385,40.699883,-73.9107,"(40.699883, -73.9107)",,,1615      PALMETTO STREET               ,1,0,1,0,0,0,0,0,Unspecified,,,,,4364569,E-Scooter,,,,
11/03/2020,17:45,QUEENS,11355,40.755745,-73.83076,"(40.755745, -73.83076)",SANFORD AVENUE                  ,FRAME PLACE,,1,0,1,0,0,0,0,0,Failure to Yield Right-of-Way,,,,,4364183,Station Wagon/Sport Utility Vehicle,,,,
11/03/2020,7:30,MANHATTAN,10065,40.764915,-73.95517,"(40.764915, -73.95517)",YORK AVENUE                     ,EAST 69 STREET,,0,0,0,0,0,0,0,0,Passing or Lane Usage Improper,Unspecified,,,,4364083,Pick-up Truck,Box Truck,,,
11/03/2020,1:00,MANHATTAN,10011,40.73952,-73.99899,"(40.73952, -73.99899)",,,86        7 AVENUE                      ,0,0,0,0,0,0,0,0,Driver Inattention/Distraction,Unspecified,,,,4363686,Station Wagon/Sport Utility Vehicle,,,,
11/03/2020,12:51,BROOKLYN,11234,40.61931,-73.92111,"(40.61931, -73.92111)",EAST 56 STREET                  ,AVENUE N,,0,0,0,0,0,0,0,0,Unspecified,Unspecified,,,,4363899,Sedan,Sedan,,,
11/03/2020,21:30,QUEENS,11414,40.65725,-73.8394,"(40.65725, -73.8394)",,,160-10    CROSS BAY BOULEVARD           ,0,0,0,0,0,0,0,0,Passing or Lane Usage Improper,Unspecified,,,,4364077,Station Wagon/Sport Utility Vehicle,,,,
11/03/2020,19:40,QUEENS,11418,40.702065,-73.82886,"(40.702065, -73.82886)",HILLSIDE AVENUE                 ,122 STREET,,0,0,0,0,0,0,0,0,Other Vehicular,Passing Too Closely,,,,4364262,Sedan,Station Wagon/Sport Utility Vehicle,,,
11/03/2020,12:30,BROOKLYN,11235,40.579376,-73.96311,"(40.579376, -73.96311)",BRIGHTON 5 STREET               ,OCEANVIEW AVENUE,,0,0,0,0,0,0,0,0,Unspecified,,,,,4364054,Station Wagon/Sport Utility Vehicle,Station Wagon/Sport Utility Vehicle,,,
11/03/2020,13:40,BROOKLYN,11219,40.62284,-74.00121,"(40.62284, -74.00121)",14 AVENUE                       ,OVINGTON AVENUE,,2,0,0,0,0,0,2,0,Failure to Yield Right-of-Way,Unspecified,,,,4363884,Station Wagon/Sport Utility Vehicle,Station Wagon/Sport Utility Vehicle,,,
11/03/2020,11:09,MANHATTAN,10032,40.837475,-73.94414,"(40.837475, -73.94414)",,,66        FORT WASHINGTON AVENUE        ,0,0,0,0,0,0,0,0,Passing or Lane Usage Improper,Unspecified,,,,4364166,Station Wagon/Sport Utility Vehicle,,,,
11/03/2020,7:50,BROOKLYN,11236,40.652313,-73.908226,"(40.652313, -73.908226)",BRISTOL STREET                  ,DITMAS AVENUE,,1,0,0,0,1,0,0,0,Unsafe Lane Changing,Unspecified,,,,4364080,Station Wagon/Sport Utility Vehicle,Bike,,,
11/03/2020,16:45,BROOKLYN,11233,40.675,-73.91569,"(40.675, -73.91569)",,,2168      DEAN STREET                   ,0,0,0,0,0,0,0,0,Unspecified,,,,,4364092,Sedan,,,,
11/03/2020,0:30,BROOKLYN,11212,40.65432,-73.91788,"(40.65432, -73.91788)",LINDEN BOULEVARD                ,EAST 93 STREET,,0,0,0,0,0,0,0,0,Unspecified,Unspecified,Unspecified,Unspecified,,4363794,Sedan,Station Wagon/Sport Utility Vehicle,Station Wagon/Sport Utility Vehicle,,
11/03/2020,18:00,QUEENS,11385,40.712696,-73.900604,"(40.712696, -73.900604)",FRESH POND ROAD                 ,METROPOLITAN AVENUE,,1,0,0,0,0,0,1,0,Unspecified,Unspecified,,,,4363947,Sedan,Station Wagon/Sport Utility Vehicle,,,
11/03/2020,6:05,QUEENS,11385,40.704266,-73.89185,"(40.704266, -73.89185)",65 STREET                       ,SHALER AVENUE,,0,0,0,0,0,0,0,0,Unspecified,Unspecified,,,,4363946,Taxi,MOPED,,,
11/03/2020,15:55,BRONX,10459,40.820984,-73.893166,"(40.820984, -73.893166)",,,1003      EAST 163 STREET               ,0,0,0,0,0,0,0,0,Unspecified,Unspecified,,,,4364407,Sedan,Sedan,,,
11/03/2020,18:30,QUEENS,11356,40.7786,-73.84885,"(40.7786, -73.84885)",119 STREET                      ,23 AVENUE,,0,0,0,0,0,0,0,0,Passing Too Closely,Unspecified,,,,4364184,Station Wagon/Sport Utility Vehicle,,,,
11/03/2020,13:30,BROOKLYN,11207,40.663776,-73.889915,"(40.663776, -73.889915)",RIVERDALE AVENUE                ,BRADFORD STREET,,0,0,0,0,0,0,0,0,Unsafe Speed,Unspecified,,,,4364201,Sedan,Sedan,,,
11/03/2020,6:51,BROOKLYN,11236,40.6358,-73.903595,"(40.6358, -73.903595)",AVENUE K                        ,EAST 88 STREET,,0,0,0,0,0,0,0,0,Alcohol Involvement,Unspecified,,,,4363988,Sedan,Sedan,,,
11/03/2020,14:37,BRONX,10475,40.869335,-73.8255,"(40.869335, -73.8255)",,,2100      BARTOW AVENUE                 ,0,0,0,0,0,0,0,0,Unspecified,Unspecified,,,,4364282,Sedan,Tractor Truck Gasoline,,,
11/03/2020,14:13,STATEN ISLAND,10306,40.564972,-74.13048,"(40.564972, -74.13048)",RIEDEL AVENUE                   ,AMBOY ROAD,,0,0,0,0,0,0,0,0,Brakes Defective,Unspecified,,,,4364017,Station Wagon/Sport Utility Vehicle,Station Wagon/Sport Utility Vehicle,,,
11/03/2020,15:22,BROOKLYN,11223,40.60566,-73.966965,"(40.60566, -73.966965)",OCEAN PARKWAY                   ,KINGS HIGHWAY,,2,0,0,0,0,0,2,0,Unspecified,Unspecified,Unspecified,,,4364039,Station Wagon/Sport Utility Vehicle,Sedan,Sedan,,
11/03/2020,9:30,MANHATTAN,10019,40.759296,-73.977036,"(40.759296, -73.977036)",,,3         WEST 51 STREET                ,0,0,0,0,0,0,0,0,Unspecified,Unspecified,,,,4364066,Station Wagon/Sport Utility Vehicle,Dump,,,
11/03/2020,15:15,QUEENS,11361,40.76136,-73.76217,"(40.76136, -73.76217)",,,219-20    NORTHERN BOULEVARD            ,0,0,0,0,0,0,0,0,Driver Inattention/Distraction,Unspecified,,,,4363979,Pick-up Truck,Sedan,,,
11/03/2020,8:10,BROOKLYN,11225,40.655632,-73.95987,"(40.655632, -73.95987)",FLATBUSH AVENUE                 ,PARKSIDE AVENUE,,1,0,1,0,0,0,0,0,Driver Inattention/Distraction,,,,,4364015,Sedan,,,,
11/03/2020,9:05,QUEENS,11419,40.68528,-73.83234,"(40.68528, -73.83234)",,,103-32    110 STREET                    ,0,0,0,0,0,0,0,0,Driver Inattention/Distraction,Unspecified,,,,4363812,Station Wagon/Sport Utility Vehicle,,,,
11/03/2020,16:09,BROOKLYN,11204,40.608494,-73.97593,"(40.608494, -73.97593)",AVENUE P                        ,WEST 2 STREET,,2,0,0,0,0,0,2,0,Unspecified,,,,,4363982,Sedan,,,,
